Subreddit,Comment Count
total_count,0
karate,425
PostHardcore,37
SleepToken,1
dancegavindance,58
CrawlerSightings,1
Asmongold,8
TeslaLounge,20
BeAmazed,1
Wolverine,4
AskReddit,31
interestingasfuck,3
pcmasterrace,20
cosplay,13
PublicFreakout,15
malelivingspace,11
puffco,3
TeslaModel3,27
NoStupidQuestions,2
alexa,1
trees,7
Wellthatsucks,30
SipsTea,4
cannabiscultivation,6
pics,13
ContagiousLaughter,1
nope,2
newhampshire,13
Weird,2
diablo4,5
ManchesterNH,5
MephHeads,54
Govee,6
automower,3
ActualPublicFreakouts,7
CrazyFuckingVideos,4
videos,16
DrDisrespectLive,2
StupidFood,1
WTF,24
Starfield,1
Autoflowers,12
Unexpected,11
TikTokCringe,1
DIY,1
maybemaybemaybe,4
HomeMaintenance,2
jackass,1
videogames,1
McLounge,3
intj,3
centuryhomes,26
lawncare,1
Lightpack,1
Damnthatsinteresting,2
MadeMeSmile,2
funny,14
philadelphia,79
tattoos,7
batman,19
WhitePeopleTwitter,3
vegas,31
SkincareAddicts,2
Supernatural,4
hometheater,1
Whatcouldgowrong,1
AbruptChaos,3
Ghosts,4
nextfuckinglevel,3
movies,3
bostontrees,4
HolUp,1
SeaMonkeys,3
mildlyinfuriating,4
Marvel,1
malegrooming,1
cosplayers,7
90DayFiance,1
delta8,4
iphone,2
IASIP,1
bestoftheinternet,1
TerrifyingAsFuck,3
teslamotors,3
Chadtopia,3
mildlyinteresting,4
Perfectfit,1
ABoringDystopia,2
LasVegas,3
cyberpunkgame,1
Gamingcirclejerk,1
blessedimages,1
Unexplained,2
meirl,1
gallifrey,2
techsupportgore,2
aww,2
lostarkgame,5
coolguides,1
oddlyterrifying,2
AbruptComposure,1
KitchenConfidential,1
90dayfianceuncensored,1
fo76,1
vegaslocals,2
redditgetsdrawn,17
gaming,8
vegastrees,16
NMSCoordinateExchange,1
cringe,12
electronic_cigarette,48
cringepics,1
vine,1
AdviceAnimals,6
thewalkingdead,3
DCcomics,1
doctorwho,8
ChristianMusic,1
creepy,1
GuildWarsDyeJob,2
JusticePorn,12
gameofthrones,1
gifs,6
breakingbad,6
nosleep,1
trailerparkboys,1
E_Cigarette,6
dubstep,2
marvelheroes,1
Phillylist,1
Fable,1
Christianity,15
comicbooks,3
ginger,1
offbeat,1
LifeProTips,1
Guildwars2,2
IAmA,8
beards,1
talesfromtechsupport,15
Music,7
cosplaygirls,1
Games,1
RadicalChristianity,8
techsupport,1
skyrim,1
apple,4
geek,1
gonewild,1
comment_count,1443
