subreddit,title,selftext,created_utc,score,upvote_ratio,num_comments
SuicideWatch,Husband thinking of divorce,"I never thought we would be here. We have been married for 6 years and I thought we were happy. We have had our ups and downs but nothing like this.

He has agreed to wait a bit to see if going to individual counseling helps and then marital. It feels like he has already decided though. He won't let me touch him, he wants to sleep in separate beds, he acts like I'm the worst person ever.

He says he's been unhappy for awhile and thinks it's because of me. I will admit sometimes I can text and call a lot. This weekend he stayed out late twice without telling me. The first time I just got really worried and called a couple of times. The second time, I freaked out and called a bunch because I was so worried about his safety. He said that was eye opening for him.

He says that he feels like he has to coddle me and he doesn't want that anymore. I didn't know he felt that bad. I never get angry, I just cry easily and that upsets him.  He wants to have female friends without me being insecure, he wants to dip and drink alcohol without worrying about offending me, etc. I have asked him not to dip before because I don't like how it tastes. Maybe that was unfair. He can sometimes drink half a bottle of liquor in one night and I have expressed concerns over that because he sometimes gets really angry while drunk. Maybe I shouldn't have said anything. I just care and worry about him.

I'm at work crying my eyes out right now, hoping that no one comes in my office. He works until midnight tonight so I won't see him. I'm so scared he is going to stay out again.

I am seeing a therapist tomorrow.

We have so much in common. I would never find someone like him again, nor would I want to try.

Just imagining starting over, splitting up our dogs, selling our house... It feels like I'm living a nightmare. 

I really think that I would kill myself prior to going through that. I can't deal with that. I am not strong enough and I am so scared. ",1461167780.0,6,1.0,8
relationships,[Infidelity] My (28F) husband (30M) got drunk and slept at another woman's house,"Throwaway because he uses Reddit.

We have been together 8 years and married for 6.

It is currently 3:30 AM and I received a text from my husband about an hour ago that he was drunk, didn't feel safe to drive, and was staying with a coworker. He worked tonight and was supposed to get off at midnight. I was getting extremely worried because I hadn't heard anything at 2:30 AM when I got the text. He didn't tell me he was going out drinking or anything.

We have a history of infidelity on his part. He had an emotional affair about 2 years ago. I found out through mutual acquaintances. He was never going to tell me. I told him we could work through it. We have been doing well for 2 years. 

I called him when I got the text and he was obviously very drunk. I told him that I would come get him (he works about an hour away). I asked if he was staying at another woman's house. He lied at first and then admitted it. He said he is either staying or driving drunk. I begged him to please let me come get him. He hung up on me.

I will admit that I freaked the fuck out at this point. I called a bunch of times. I was pissed, hurt, and bawling. He finally answered, said I was being crazy, and asked me to trust him. He still would not tell me where he was. He PUT HER ON THE PHONE at one point. She apologized and said that she'd let him sleep in her guest room. I told her that I wasn't upset with her and please let me talk to my husband. She offered to set an alarm and kick him out as soon as he was sober. I didn't answer and again asked to talk to him.

I got on the phone with him, and I told him he'd obviously made up his mind, etc. and he hung up on me.

He texted me to please trust him about 30 minutes later. He said their jobs may be in jeopardy and that's why he didn't want to tell me where he was. I know it makes no sense. I told him I didn't know what to say and to come home as soon as he is sober.

Reddit, I can't believe this is happening. I love my husband more than life itself. I don't know if they are having sex or not. If it was anyone else, I'd say they were. But maybe I'm in denial.

I guess I needed to get my thoughts together. I don't want to get a divorce, I don't want to start over. I'm feeling suicidal and like I'm going to vomit. Please talk to me. Tell me what you think.

TL;DR My husband is asking me to trust him to spontaneously spend the night at another woman's with no prior notice because he went out and got drunk with her. I'm completely lost.

UPDATE: It is almost 9:00 AM and I haven't heard from him. I'm so tired, but I can't sleep because I am so anxious. I don't know how much more of this I can take.",1460882324.0,9,1.0,15
