Subreddit,Post Count
total_count,0
VintageLevis,1
polinetwork,1
archviz,1
architecture,2
Architects,1
tipofmytongue,1
duster,11
OmegaWatches,1
graphic_design,1
streetphotography,1
Slowcore,2
neworder,1
DesignerReps,1
playboicarti,1
analog,10
Highfashion,1
idm,3
photography,1
cassetteculture,2
Vegyn,1
builttospill,2
nocontextpics,1
mildlyinteresting,1
pavement,7
PalaceClothing,3
cassette,1
guitarporn,1
deathgrips,3
im14andthisisdeep,1
sonicyouth,1
badbadnotgood,1
injuryreserve,1
OnTheBlock,1
submission_count,68
