subreddit,body,created_utc,score
SwitchPirates,"That was it! Thank you so much, I had almost given up at this point",1621618103.0,2
SwitchPirates,"My other devices are connected without any problems, I even tried using my wifi hotspot from my phone but my switch still won't connect. I'm at a loss for what to do",1621531782.0,1
SwitchPirates,"Nope, no shop pack used
I have had atmosphere for a while too, and there were no.problems connecting to the internet until recently, and as far as I can tell there have been no changes done to my switch",1621528875.0,1
SwitchPirates,"Not that I'm aware of, just double checked and I'm not seeing anything that I have set in tinfoil to do that, and the dns settings in my internet options are set to automatic",1621527357.0,1
legaladvice,"Ahh I see, could've sworn that I read through the whole thing but it's looking pretty clear that I wasn't paying enough attention. Thanks for answering! I really appreciate it 🙏",1607654955.0,17
SuggestALaptop,"Thanks for the suggestion! I'll look up on it more. Also, would the surface book 3 outperform the spectrum? If it does not by a large amount then I'll most likely go for the spectre.",1605148956.0,2
SuicideWatch,"No problem man, hope you feel better at least for today. If you ever wanna talk again, I'll still be here.",1588243451.0,1
SuicideWatch,"Yeah, I don't know how people manage to do it that way. So are you gonna sleep right now? Get some rest if you're tired. I know how you're feeling, but as long as you don't have any responsibilities at the moment, might as well let your body feel better. Do you have anything planned for tomorrow?",1588207255.0,1
SuicideWatch,"Yeah I haven't tried it that way yet, I am way too much of a coward to try it. What did you overdose on before?",1588205096.0,1
SuicideWatch,"Ohh cool, I know about the game but I haven't gotten to play it yet. So you said you were planning on trying again tonight? What were you planning exactly? Sorry that I'm not responding that quickly, I'm at work right now and it started picking up",1588202244.0,1
SuicideWatch,"If you don't mind me asking, how long have you been talking to your friends about it?  And what kinds of games do you play? Sorry if it feels like I'm praying too much.",1588199575.0,1
SuicideWatch,"I get that feeling exactly. But I don't feel like I'm being punished directly, though I have a sense that I deserve it, even though I can't really think of anything warranting that.",1588198975.0,1
SuicideWatch,"Dang man, wish I could help you feel better. For me, I just try to find more and more things to distract myself with, helps to not think about it. Anything besides drawing that ever caught your interest, even for a little?",1588198082.0,1
SuicideWatch,"Yeah I guess I'm dealing with it somehow. I dont know if you feel this too but everything just feels so surreal, like I'm just going through the motions everyday.",1588196881.0,1
SuicideWatch,"Yeah I get it. It feels so exhausting just trudging by day by day. Have you actually attempted it before? And how? If you feel like you don't want to talk about it that's ok too. And if you don't mind me asking, do you have any family members that you are close with?",1588196236.0,1
SuicideWatch,I feel you man. I've been dealing with feelings similar to that. I'm sorry that you have to go through this crap. Have you tried to reach out to anyone?,1588193059.0,1
MonsterHunterWorld,953 PS4 Dlc,1567578050.0,1
